{
  "category": "Arts_Crafts_and_Sewing",
  "methods": {
    "baseline": {
      "overall_avg": 0.4422222222222222,
      "dimensions": {
        "Consistency": 0.48,
        "Grounding": 0.39,
        "Persona": 0.45666666666666667
      }
    },
    "sft": {
      "overall_avg": 0.4533333333333333,
      "dimensions": {
        "Consistency": 0.39,
        "Grounding": 0.41333333333333333,
        "Persona": 0.5566666666666666
      }
    },
    "pe": {
      "overall_avg": 0.49,
      "dimensions": {
        "Consistency": 0.49,
        "Grounding": 0.61,
        "Persona": 0.37
      }
    },
    "rl": {
      "overall_avg": 0.6144444444444445,
      "dimensions": {
        "Consistency": 0.64,
        "Grounding": 0.5866666666666667,
        "Persona": 0.6166666666666667
      }
    }
  }
}