{
  "category": "Video_Games",
  "methods": {
    "baseline": {
      "overall_avg": 0.41444444444444445,
      "dimensions": {
        "Consistency": 0.44333333333333336,
        "Grounding": 0.36,
        "Persona": 0.44
      }
    },
    "sft": {
      "overall_avg": 0.44888888888888884,
      "dimensions": {
        "Consistency": 0.44333333333333336,
        "Grounding": 0.4,
        "Persona": 0.5033333333333333
      }
    },
    "pe": {
      "overall_avg": 0.5044444444444445,
      "dimensions": {
        "Consistency": 0.48333333333333334,
        "Grounding": 0.61,
        "Persona": 0.42
      }
    },
    "rl": {
      "overall_avg": 0.6322222222222222,
      "dimensions": {
        "Consistency": 0.63,
        "Grounding": 0.63,
        "Persona": 0.6366666666666667
      }
    }
  }
}