{"num_tokens":226184,"learning_rate":5.000000000000005e-06,"num_loss_tokens":6659,"_runtime":376.753993353,"_timestamp":1.762202895381952e+09,"time/step":5.778151750564575,"time/total":6.442243337631226,"_step":39,"epoch":9,"_wandb":{"runtime":376},"num_sequences":64,"time/get_batch":0.6329295635223389,"train_mean_nll":0.7658298015594482,"progress":0.975,"time/evals":0.003522157669067383,"time/save_checkpoint":7.720374345779419,"time/infrequent_evals":0.0010323524475097656}