{"_step":92,"_runtime":6152.321344894,"env/all/by_group/frac_mixed":0.6875,"stderr_vs_base":0,"optim/entropy":0.00023355580924544483,"progress/batch":92,"env/all/total_ob_tokens":198792,"win_rate_vs_base":1,"env/all/total_turns":64,"env/all/total_episodes":64,"time/save_checkpoint":3.972838878631592,"time/compute_kl_sample_train":0.019965410232543945,"_timestamp":1.7643124030395622e+09,"env/all/ob_tokens_per_turn":3106.125,"time/assemble_training_data":0.14323091506958008,"env/all/by_group/frac_all_good":0,"env/all/ac_tokens_per_turn":6,"env/all/win_minus_loss":1.734723475976807e-18,"_wandb":{"runtime":6152},"optim/lr":4e-05,"time/run_evals":43.694926261901855,"optim/kl_sample_train_v1":2.9440212529152632e-05,"optim/kl_sample_train_v2":6.89686174837334e-08,"env/all/by_group/frac_all_bad":0.3125,"time/train":5.158243179321289,"env/all/total_ac_tokens":384,"env/all/turns_per_episode":1,"env/all/reward/total":1.734723475976807e-18,"env/all/format":1,"progress/done_frac":1,"time/total":45.53203320503235}