{"_step":199,"time/step":6.4548726081848145,"learning_rate":1.000000000000001e-06,"time/infrequent_evals":0.0010106563568115234,"time/save_checkpoint":10.432308912277222,"_runtime":1625.980729389,"epoch":49,"num_loss_tokens":6856,"_timestamp":1.7622076162866611e+09,"train_mean_nll":0.001139944652095437,"num_tokens":227709,"num_sequences":64,"time/evals":0.001294851303100586,"_wandb":{"runtime":1625},"time/get_batch":0.7300710678100586,"time/total":7.217479467391968,"progress":0.995}