{
  "category": "Industrial_and_Scientific",
  "methods": {
    "baseline": {
      "overall_avg": 0.4244444444444444,
      "dimensions": {
        "Consistency": 0.5,
        "Grounding": 0.31,
        "Persona": 0.4633333333333333
      }
    },
    "sft": {
      "overall_avg": 0.43333333333333335,
      "dimensions": {
        "Consistency": 0.4166666666666667,
        "Grounding": 0.41,
        "Persona": 0.47333333333333333
      }
    },
    "pe": {
      "overall_avg": 0.5044444444444445,
      "dimensions": {
        "Consistency": 0.46,
        "Grounding": 0.5966666666666667,
        "Persona": 0.45666666666666667
      }
    },
    "rl": {
      "overall_avg": 0.6377777777777778,
      "dimensions": {
        "Consistency": 0.6233333333333333,
        "Grounding": 0.6833333333333333,
        "Persona": 0.6066666666666667
      }
    }
  }
}