{"train_mean_nll":0.023622239008545876,"time/step":1.8763344287872314,"time/get_batch":0.1515336036682129,"time/save_checkpoint":9.190274953842163,"_runtime":367.704929466,"num_loss_tokens":1401,"epoch":9,"num_tokens":49879,"_wandb":{"runtime":367},"_timestamp":1.7643066272900348e+09,"_step":179,"learning_rate":1.1111111111111072e-06,"time/total":4.045137882232666,"num_sequences":16,"progress":1}